cell_id,Xc,Yc,Zc,dof0,dof1,dof2,dof3,dof4,dof5,Qface0,Qface1,Qface2,Qface3,Qface4,Qface5,Qw,Qwbf,dS_rate,head,lambda0,lambda1,lambda2,lambda3,lambda4,lambda5
0_0:,50,50,10,0,1,2,3,4,5,-40,40,4.09273e-11,-1.3074e-11,-8.38441e-10,8.66862e-10,0,0,79,80,78,79,79,79,79
1_0:,150,50,10,1,6,7,8,9,10,-40,40,7.50333e-11,-6.48015e-11,5.68431e-11,-5.68431e-11,0,0,77,78,76,77,77,77,77
8_0:,250,50,10,6,11,12,13,14,15,-40,40,7.3328e-11,-7.27596e-11,5.68431e-11,-7.10539e-11,0,0,75,76,74,75,75,75,75
9_0:,350,50,10,11,16,17,18,19,20,-40,40,7.16227e-11,-7.78755e-11,2.84214e-11,-4.26322e-11,0,0,73,74,72,73,73,73,73
80_0:,450,50,10,16,21,22,23,24,25,-40,40,7.16227e-11,-7.16227e-11,7.10539e-11,-5.68431e-11,0,0,71,72,70,71,71,71,71
81_0:,550,50,10,21,26,27,28,29,30,-40,40,6.87805e-11,-7.44649e-11,7.10539e-11,-4.26322e-11,0,0,69,70,68,69,69,69,69
88_0:,650,50,10,26,31,32,33,34,35,-40,40,6.53699e-11,-7.50333e-11,2.84214e-11,-4.26322e-11,0,0,67,68,66,67,67,67,67
89_0:,750,50,10,31,36,37,38,39,40,-40,40,6.48015e-11,-6.76437e-11,7.10539e-11,-5.68431e-11,0,0,65,66,64,65,65,65,65
2_0:,50,150,10,41,42,3,43,44,45,-40,40,1.3074e-11,-9.66338e-12,-7.95808e-10,8.66862e-10,0,0,79,80,78,79,79,79,79
3_0:,150,150,10,42,46,8,47,48,49,-40,40,6.48015e-11,-5.85487e-11,5.68431e-11,-1.13686e-10,0,0,77,78,76,77,77,77,77
10_0:,250,150,10,46,50,13,51,52,53,-40,40,7.27596e-11,-6.82121e-11,2.84214e-11,-2.84214e-11,0,0,75,76,74,75,75,75,75
11_0:,350,150,10,50,54,18,55,56,57,-40,40,7.78755e-11,-7.10543e-11,9.94756e-11,-8.52648e-11,0,0,73,74,72,73,73,73,73
82_0:,450,150,10,54,58,23,59,60,61,-40,40,7.16227e-11,-7.67386e-11,7.10539e-11,-2.84214e-11,0,0,71,72,70,71,71,71,71
83_0:,550,150,10,58,62,28,63,64,65,-40,40,7.44649e-11,-7.84439e-11,7.10539e-11,-8.52648e-11,0,0,69,70,68,69,69,69,69
90_0:,650,150,10,62,66,33,67,68,69,-40,40,7.50333e-11,-7.3328e-11,7.10539e-11,-2.84214e-11,0,0,67,68,66,67,67,67,67
91_0:,750,150,10,66,70,38,71,72,73,-40,40,6.76437e-11,-6.53699e-11,5.68431e-11,-7.10539e-11,0,0,65,66,64,65,65,65,65
16_0:,50,250,10,74,75,43,76,77,78,-40,40,9.66338e-12,-8.52651e-12,-8.2423e-10,8.52652e-10,0,0,79,80,78,79,79,79,79
17_0:,150,250,10,75,79,47,80,81,82,-40,40,5.85487e-11,-5.57066e-11,5.68431e-11,3.42661e-16,0,0,77,78,76,77,77,77,77
24_0:,250,250,10,79,83,51,84,85,86,-40,40,6.82121e-11,-6.87805e-11,5.68431e-11,-1.42105e-11,0,0,75,76,74,75,75,75,75
25_0:,350,250,10,83,87,55,88,89,90,-40,40,7.10543e-11,-7.16227e-11,9.94756e-11,-4.26322e-11,0,0,73,74,72,73,73,73,73
96_0:,450,250,10,87,91,59,92,93,94,-40,40,7.67386e-11,-8.29914e-11,2.84214e-11,-5.68431e-11,0,0,71,72,70,71,71,71,71
97_0:,550,250,10,91,95,63,96,97,98,-40,40,7.84439e-11,-8.98126e-11,4.26322e-11,-2.84214e-11,0,0,69,70,68,69,69,69,69
104_0:,650,250,10,95,99,67,100,101,102,-40,40,7.3328e-11,-7.27596e-11,7.10539e-11,-7.10539e-11,0,0,67,68,66,67,67,67,67
105_0:,750,250,10,99,103,71,104,105,106,-40,40,6.53699e-11,-7.04858e-11,5.68431e-11,-5.68431e-11,0,0,65,66,64,65,65,65,65
18_0:,50,350,10,107,108,76,109,110,111,-40,40,8.52651e-12,-1.47793e-11,-7.95808e-10,8.2423e-10,0,0,79,80,78,79,79,79,79
19_0:,150,350,10,108,112,80,113,114,115,-40,40,5.57066e-11,-6.0254e-11,8.52648e-11,-2.84214e-11,0,0,77,78,76,77,77,77,77
26_0:,250,350,10,112,116,84,117,118,119,-40,40,6.87805e-11,-6.30962e-11,4.26322e-11,2.84221e-11,0,0,75,76,74,75,75,75,75
27_0:,350,350,10,116,120,88,121,122,123,-40,40,7.16227e-11,-8.01492e-11,4.26322e-11,-5.68431e-11,0,0,73,74,72,73,73,73,73
98_0:,450,350,10,120,124,92,125,126,127,-40,40,8.29914e-11,-8.35598e-11,5.68431e-11,-5.68431e-11,0,0,71,72,70,71,71,71,71
99_0:,550,350,10,124,128,96,129,130,131,-40,40,8.98126e-11,-8.52651e-11,9.94756e-11,-7.10539e-11,0,0,69,70,68,69,69,69,69
106_0:,650,350,10,128,132,100,133,134,135,-40,40,7.27596e-11,-9.0381e-11,8.52648e-11,-8.52648e-11,0,0,67,68,66,67,67,67,67
107_0:,750,350,10,132,136,104,137,138,139,-40,40,7.04858e-11,-7.95808e-11,7.10539e-11,-2.84214e-11,0,0,65,66,64,65,65,65,65
4_0:,50,50,30,140,141,142,143,5,144,-40,40,4.14957e-11,-1.08002e-11,-8.66862e-10,8.81073e-10,0,0,79,80,78,79,79,79,79
5_0:,150,50,30,141,145,146,147,10,148,-40,40,7.67386e-11,-6.87805e-11,5.68431e-11,-2.84214e-11,0,0,77,78,76,77,77,77,77
12_0:,250,50,30,145,149,150,151,15,152,-40,40,7.50333e-11,-7.04858e-11,7.10539e-11,-2.84214e-11,0,0,75,76,74,75,75,75,75
13_0:,350,50,30,149,153,154,155,20,156,-40,40,7.16227e-11,-7.90124e-11,4.26322e-11,-8.52648e-11,0,0,73,74,72,73,73,73,73
84_0:,450,50,30,153,157,158,159,25,160,-40,40,7.04858e-11,-7.21911e-11,5.68431e-11,-2.84214e-11,0,0,71,72,70,71,71,71,71
85_0:,550,50,30,157,161,162,163,30,164,-40,40,6.82121e-11,-7.7307e-11,4.26322e-11,-1.42105e-11,0,0,69,70,68,69,69,69,69
92_0:,650,50,30,161,165,166,167,35,168,-40,40,6.65068e-11,-7.38964e-11,4.26322e-11,-7.10539e-11,0,0,67,68,66,67,67,67,67
93_0:,750,50,30,165,169,170,171,40,172,-40,40,6.48015e-11,-6.82121e-11,5.68431e-11,-4.26322e-11,0,0,65,66,64,65,65,65,65
6_0:,50,150,30,173,174,143,175,45,176,-40,40,1.08002e-11,-4.54747e-12,-8.66862e-10,8.95284e-10,0,0,79,80,78,79,79,79,79
7_0:,150,150,30,174,177,147,178,49,179,-40,40,6.87805e-11,-5.74119e-11,1.13686e-10,-4.26322e-11,0,0,77,78,76,77,77,77,77
14_0:,250,150,30,177,180,151,181,53,182,-40,40,7.04858e-11,-6.82121e-11,2.84214e-11,-4.26322e-11,0,0,75,76,74,75,75,75,75
15_0:,350,150,30,180,183,155,184,57,185,-40,40,7.90124e-11,-7.10543e-11,8.52648e-11,3.42661e-16,0,0,73,74,72,73,73,73,73
86_0:,450,150,30,183,186,159,187,61,188,-40,40,7.21911e-11,-6.9349e-11,2.84214e-11,-4.26322e-11,0,0,71,72,70,71,71,71,71
87_0:,550,150,30,186,189,163,190,65,191,-40,40,7.7307e-11,-7.56017e-11,8.52648e-11,-1.42105e-11,0,0,69,70,68,69,69,69,69
94_0:,650,150,30,189,192,167,193,69,194,-40,40,7.38964e-11,-7.16227e-11,2.84214e-11,-4.26322e-11,0,0,67,68,66,67,67,67,67
95_0:,750,150,30,192,195,171,196,73,197,-40,40,6.82121e-11,-6.59384e-11,7.10539e-11,-1.42105e-11,0,0,65,66,64,65,65,65,65
20_0:,50,250,30,198,199,175,200,78,201,-40,40,4.54747e-12,-7.38964e-12,-8.52652e-10,8.52652e-10,0,0,79,80,78,79,79,79,79
21_0:,150,250,30,199,202,178,203,82,204,-40,40,5.74119e-11,-5.45697e-11,-3.42661e-16,-1.42105e-11,0,0,77,78,76,77,77,77,77
28_0:,250,250,30,202,205,181,206,86,207,-40,40,6.82121e-11,-6.9349e-11,1.42105e-11,-1.42105e-11,0,0,75,76,74,75,75,75,75
29_0:,350,250,30,205,208,184,209,90,210,-40,40,7.10543e-11,-7.38964e-11,4.26322e-11,-5.68431e-11,0,0,73,74,72,73,73,73,73
100_0:,450,250,30,208,211,187,212,94,213,-40,40,6.9349e-11,-8.2423e-11,5.68431e-11,-4.26322e-11,0,0,71,72,70,71,71,71,71
101_0:,550,250,30,211,214,190,215,98,216,-40,40,7.56017e-11,-7.95808e-11,2.84214e-11,-8.52648e-11,0,0,69,70,68,69,69,69,69
108_0:,650,250,30,214,217,193,218,102,219,-40,40,7.16227e-11,-7.84439e-11,7.10539e-11,-9.94756e-11,0,0,67,68,66,67,67,67,67
109_0:,750,250,30,217,220,196,221,106,222,-40,40,6.59384e-11,-6.9349e-11,5.68431e-11,-4.26322e-11,0,0,65,66,64,65,65,65,65
22_0:,50,350,30,223,224,200,225,111,226,-40,40,7.38964e-12,-2.44427e-11,-8.2423e-10,8.38441e-10,0,0,79,80,78,79,79,79,79
23_0:,150,350,30,224,227,203,228,115,229,-40,40,5.45697e-11,-6.99174e-11,2.84214e-11,-1.42105e-11,0,0,77,78,76,77,77,77,77
30_0:,250,350,30,227,230,206,231,119,232,-40,40,6.9349e-11,-6.25278e-11,-2.84221e-11,1.42112e-11,0,0,75,76,74,75,75,75,75
31_0:,350,350,30,230,233,209,234,123,235,-40,40,7.38964e-11,-7.90124e-11,5.68431e-11,-1.42105e-11,0,0,73,74,72,73,73,73,73
102_0:,450,350,30,233,236,212,237,127,238,-40,40,8.2423e-11,-8.81073e-11,5.68431e-11,-1.42105e-11,0,0,71,72,70,71,71,71,71
103_0:,550,350,30,236,239,215,240,131,241,-40,40,7.95808e-11,-8.69704e-11,7.10539e-11,-8.52648e-11,0,0,69,70,68,69,69,69,69
110_0:,650,350,30,239,242,218,243,135,244,-40,40,7.84439e-11,-9.83432e-11,8.52648e-11,-5.68431e-11,0,0,67,68,66,67,67,67,67
111_0:,750,350,30,242,245,221,246,139,247,-40,40,6.9349e-11,-8.41324e-11,2.84214e-11,-2.84214e-11,0,0,65,66,64,65,65,65,65
32_0:,50,50,50,248,249,250,251,144,252,-40,40,4.09273e-11,-1.02318e-11,-8.81073e-10,9.09495e-10,0,0,79,80,78,79,79,79,79
33_0:,150,50,50,249,253,254,255,148,256,-40,40,7.67386e-11,-6.82121e-11,2.84214e-11,-2.84214e-11,0,0,77,78,76,77,77,77,77
40_0:,250,50,50,253,257,258,259,152,260,-40,40,7.44649e-11,-7.3328e-11,2.84214e-11,-1.42105e-11,0,0,75,76,74,75,75,75,75
41_0:,350,50,50,257,261,262,263,156,264,-40,40,7.3328e-11,-7.56017e-11,8.52648e-11,3.42661e-16,0,0,73,74,72,73,73,73,73
112_0:,450,50,50,261,265,266,267,160,268,-40,40,6.9349e-11,-7.56017e-11,2.84214e-11,-4.26322e-11,0,0,71,72,70,71,71,71,71
113_0:,550,50,50,265,269,270,271,164,272,-40,40,6.82121e-11,-7.95808e-11,1.42105e-11,-1.42105e-11,0,0,69,70,68,69,69,69,69
120_0:,650,50,50,269,273,274,275,168,276,-40,40,6.76437e-11,-7.56017e-11,7.10539e-11,-4.26322e-11,0,0,67,68,66,67,67,67,67
121_0:,750,50,50,273,277,278,279,172,280,-40,40,6.53699e-11,-6.9349e-11,4.26322e-11,-2.84214e-11,0,0,65,66,64,65,65,65,65
34_0:,50,150,50,281,282,251,283,176,284,-40,40,1.02318e-11,-7.38964e-12,-8.95284e-10,8.66862e-10,0,0,79,80,78,79,79,79,79
35_0:,150,150,50,282,285,255,286,179,287,-40,40,6.82121e-11,-6.08225e-11,4.26322e-11,2.84221e-11,0,0,77,78,76,77,77,77,77
42_0:,250,150,50,285,288,259,289,182,290,-40,40,7.3328e-11,-6.9349e-11,4.26322e-11,-4.26322e-11,0,0,75,76,74,75,75,75,75
43_0:,350,150,50,288,291,263,292,185,293,-40,40,7.56017e-11,-6.70752e-11,-3.42661e-16,-4.26322e-11,0,0,73,74,72,73,73,73,73
114_0:,450,150,50,291,294,267,295,188,296,-40,40,7.56017e-11,-7.56017e-11,4.26322e-11,-2.84214e-11,0,0,71,72,70,71,71,71,71
115_0:,550,150,50,294,297,271,298,191,299,-40,40,7.95808e-11,-8.18545e-11,1.42105e-11,-1.42105e-11,0,0,69,70,68,69,69,69,69
122_0:,650,150,50,297,300,275,301,194,302,-40,40,7.56017e-11,-8.18545e-11,4.26322e-11,-2.84214e-11,0,0,67,68,66,67,67,67,67
123_0:,750,150,50,300,303,279,304,197,305,-40,40,6.9349e-11,-6.48015e-11,1.42105e-11,-2.84214e-11,0,0,65,66,64,65,65,65,65
48_0:,50,250,50,306,307,283,308,201,309,-40,40,7.38964e-12,-5.68434e-12,-8.52652e-10,8.95284e-10,0,0,79,80,78,79,79,79,79
49_0:,150,250,50,307,310,286,311,204,312,-40,40,6.08225e-11,-5.40012e-11,1.42105e-11,-4.26322e-11,0,0,77,78,76,77,77,77,77
56_0:,250,250,50,310,313,289,314,207,315,-40,40,6.9349e-11,-7.04858e-11,1.42105e-11,-2.84214e-11,0,0,75,76,74,75,75,75,75
57_0:,350,250,50,313,316,292,317,210,318,-40,40,6.70752e-11,-7.7307e-11,5.68431e-11,-2.84214e-11,0,0,73,74,72,73,73,73,73
50_0:,50,350,50,319,320,308,321,226,322,-40,40,5.68434e-12,-1.3074e-11,-8.38441e-10,8.95284e-10,0,0,79,80,78,79,79,79,79
51_0:,150,350,50,320,323,311,324,229,325,-40,40,5.40012e-11,-6.65068e-11,1.42105e-11,-4.26322e-11,0,0,77,78,76,77,77,77,77
58_0:,250,350,50,323,326,314,327,232,328,-40,40,7.04858e-11,-7.3328e-11,-1.42112e-11,3.42661e-16,0,0,75,76,74,75,75,75,75
59_0:,350,350,50,326,329,317,330,235,331,-40,40,7.7307e-11,-8.6402e-11,1.42105e-11,-1.42105e-11,0,0,73,74,72,73,73,73,73
36_0:,50,50,70,332,333,334,335,252,336,-40,40,4.14957e-11,-1.53477e-11,-9.09495e-10,8.81073e-10,0,0,79,80,78,79,79,79,79
37_0:,150,50,70,333,337,338,339,256,340,-40,40,7.67386e-11,-6.65068e-11,2.84214e-11,-1.42105e-11,0,0,77,78,76,77,77,77,77
44_0:,250,50,70,337,341,342,343,260,344,-40,40,7.21911e-11,-7.21911e-11,1.42105e-11,5.68438e-11,0,0,75,76,74,75,75,75,75
45_0:,350,50,70,341,345,346,347,264,348,-40,40,7.21911e-11,-8.2423e-11,-3.42661e-16,2.84221e-11,0,0,73,74,72,73,73,73,73
116_0:,450,50,70,345,349,350,351,268,352,-40,40,7.16227e-11,-7.78755e-11,4.26322e-11,3.42661e-16,0,0,71,72,70,71,71,71,71
117_0:,550,50,70,349,353,354,355,272,356,-40,40,6.87805e-11,-7.90124e-11,1.42105e-11,-2.84214e-11,0,0,69,70,68,69,69,69,69
124_0:,650,50,70,353,357,358,359,276,360,-40,40,6.70752e-11,-7.56017e-11,4.26322e-11,1.42112e-11,0,0,67,68,66,67,67,67,67
38_0:,50,150,70,361,362,335,363,284,364,-40,40,1.53477e-11,-7.38964e-12,-8.66862e-10,9.09495e-10,0,0,79,80,78,79,79,79,79
39_0:,150,150,70,362,365,339,366,287,367,-40,40,6.65068e-11,-6.36646e-11,-2.84221e-11,2.84221e-11,0,0,77,78,76,77,77,77,77
46_0:,250,150,70,365,368,343,369,290,370,-40,40,7.21911e-11,-6.65068e-11,4.26322e-11,-1.42105e-11,0,0,75,76,74,75,75,75,75
47_0:,350,150,70,368,371,347,372,293,373,-40,40,8.2423e-11,-7.21911e-11,4.26322e-11,4.26329e-11,0,0,73,74,72,73,73,73,73
118_0:,450,150,70,371,374,351,375,296,376,-40,40,7.78755e-11,-7.21911e-11,2.84214e-11,-1.42105e-11,0,0,71,72,70,71,71,71,71
119_0:,550,150,70,374,377,355,378,299,379,-40,40,7.90124e-11,-7.56017e-11,1.42105e-11,3.42661e-16,0,0,69,70,68,69,69,69,69
52_0:,50,250,70,380,381,363,382,309,383,-40,40,7.38964e-12,-5.68434e-12,-8.95284e-10,8.52652e-10,0,0,79,80,78,79,79,79,79
53_0:,150,250,70,381,384,366,385,312,386,-40,40,6.36646e-11,-5.34328e-11,4.26322e-11,3.42661e-16,0,0,77,78,76,77,77,77,77
60_0:,250,250,70,384,387,369,388,315,389,-40,40,6.65068e-11,-6.70752e-11,2.84214e-11,1.42112e-11,0,0,75,76,74,75,75,75,75
61_0:,350,250,70,387,390,372,391,318,392,-40,40,7.21911e-11,-7.21911e-11,2.84214e-11,-1.42105e-11,0,0,73,74,72,73,73,73,73
54_0:,50,350,70,393,394,382,395,322,396,-40,40,5.68434e-12,-1.64846e-11,-8.95284e-10,8.52652e-10,0,0,79,80,78,79,79,79,79
55_0:,150,350,70,394,397,385,398,325,399,-40,40,5.34328e-11,-6.70752e-11,4.26322e-11,5.68438e-11,0,0,77,78,76,77,77,77,77
62_0:,250,350,70,397,400,388,401,328,402,-40,40,6.70752e-11,-6.59384e-11,-3.42661e-16,1.42112e-11,0,0,75,76,74,75,75,75,75
63_0:,350,350,70,400,403,391,404,331,405,-40,40,7.21911e-11,-8.46967e-11,1.42105e-11,-1.42105e-11,0,0,73,74,72,73,73,73,73
64_0:,50,50,90,406,407,408,409,336,410,-40,40,4.3201e-11,-8.52651e-12,-8.81073e-10,-8.24229e-10,0,0,79,80,78,79,79,79,79
65_0:,150,50,90,407,411,412,413,340,414,-40,40,7.67386e-11,-6.13909e-11,1.42105e-11,7.10546e-11,0,0,77,78,76,77,77,77,77
68_0:,250,50,90,411,415,416,417,344,418,-40,40,7.3328e-11,-7.04858e-11,-5.68438e-11,1.42112e-11,0,0,75,76,74,75,75,75,75
69_0:,350,50,90,415,419,420,421,348,422,-40,40,7.21911e-11,-7.7307e-11,-2.84221e-11,2.84221e-11,0,0,73,74,72,73,73,73,73
66_0:,50,150,90,423,424,409,425,364,426,-40,40,8.52651e-12,-6.25278e-12,-9.09495e-10,-8.3844e-10,0,0,79,80,78,79,79,79,79
67_0:,150,150,90,424,427,413,428,367,429,-40,40,6.13909e-11,-6.08225e-11,-2.84221e-11,2.84221e-11,0,0,77,78,76,77,77,77,77
70_0:,250,150,90,427,430,417,431,370,432,-40,40,7.04858e-11,-6.42331e-11,1.42105e-11,7.10546e-11,0,0,75,76,74,75,75,75,75
71_0:,350,150,90,430,433,421,434,373,435,-40,40,7.7307e-11,-6.65068e-11,-4.26329e-11,4.26329e-11,0,0,73,74,72,73,73,73,73
72_0:,50,250,90,436,437,425,438,383,439,-40,40,6.25278e-12,-3.41061e-12,-8.52652e-10,-8.10018e-10,0,0,79,80,78,79,79,79,79
73_0:,150,250,90,437,440,428,441,386,442,-40,40,6.08225e-11,-6.13909e-11,-3.42661e-16,8.52655e-11,0,0,77,78,76,77,77,77,77
76_0:,250,250,90,440,443,431,444,389,445,-40,40,6.42331e-11,-6.0254e-11,-1.42112e-11,5.68438e-11,0,0,75,76,74,75,75,75,75
77_0:,350,250,90,443,446,434,447,392,448,-40,40,6.65068e-11,-8.18545e-11,1.42105e-11,7.10546e-11,0,0,73,74,72,73,73,73,73
74_0:,50,350,90,449,450,438,451,396,452,-40,40,3.41061e-12,-1.7053e-11,-8.52652e-10,-8.10018e-10,0,0,79,80,78,79,79,79,79
75_0:,150,350,90,450,453,441,454,399,455,-40,40,6.13909e-11,-6.08225e-11,-5.68438e-11,1.42112e-11,0,0,77,78,76,77,77,77,77
78_0:,250,350,90,453,456,444,457,402,458,-40,40,6.0254e-11,-7.10543e-11,-1.42112e-11,5.68438e-11,0,0,75,76,74,75,75,75,75
79_0:,350,350,90,456,459,447,460,405,461,-40,40,8.18545e-11,-7.90124e-11,1.42105e-11,7.10546e-11,0,0,73,74,72,73,73,73,73
